start,end
2022/8/17,2022/8/8
2022/8/7,2022/7/29
2022/7/28,2022/7/19
2022/7/18,2022/7/9
2022/7/8,2022/6/29
2022/6/28,2022/6/19
2022/6/18,2022/6/9
2022/6/8,2022/5/30
2022/5/29,2022/5/20
2022/5/19,2022/5/10
2022/5/9,2022/4/30
2022/4/29,2022/4/20
2022/4/19,2022/4/10
2022/4/9,2022/3/31
2022/3/30,2022/3/21
2022/3/20,2022/3/11
2022/3/10,2022/3/1
2022/2/28,2022/2/19
2022/2/18,2022/2/9
2022/2/8,2022/1/30
2022/1/29,2022/1/20
2022/1/19,2022/1/10
2022/1/9,2021/12/31
2021/12/30,2021/12/21
2021/12/20,2021/12/11
2021/12/10,2021/12/1
2021/11/30,2021/11/21
2021/11/20,2021/11/11
2021/11/10,2021/11/1
2021/10/31,2021/10/22
2021/10/21,2021/10/12
2021/10/11,2021/10/2
2021/10/1,2021/9/22
2021/9/21,2021/9/12
2021/9/11,2021/9/2
2021/9/1,2021/8/23
2021/8/22,2021/8/13
2021/8/12,2021/8/3
2021/8/2,2021/7/24
2021/7/23,2021/7/14
2021/7/13,2021/7/4
2021/7/3,2021/6/24
2021/6/23,2021/6/14
2021/6/13,2021/6/4
2021/6/3,2021/5/25
2021/5/24,2021/5/15
2021/5/14,2021/5/5
2021/5/4,2021/4/25
2021/4/24,2021/4/15
2021/4/14,2021/4/5
2021/4/4,2021/3/26
2021/3/25,2021/3/16
2021/3/15,2021/3/6
2021/3/5,2021/2/24
2021/2/23,2021/2/14
2021/2/13,2021/2/4
2021/2/3,2021/1/25
2021/1/24,2021/1/15
2021/1/14,2021/1/5
2021/1/4,2021/1/1
